year,quarter,year-quarter,gdp,cpi,unemployment_rate,gdp_growth,cpi_growth,unemployment_change,gdp_yoy,cpi_yoy,unemployment_yoy_change,gdp_rolling_mean_4q,cpi_rolling_mean_4q,unemployment_rolling_mean_4q,gdp_volatility_4q,cpi_volatility_4q,unemployment_volatility_4q,gdp_growth_lag1,gdp_growth_lag2,cpi_growth_lag1,unemployment_change_lag1,covid_flag,recession_flag,high_growth_flag
1974,1,1974Q1,1491.209,47.29999999999999,5.133333333333333,,,,,,,,,,,,,,,,,False,False,False
1974,2,1974Q2,1530.056,48.56666666666666,5.2,0.02605067431862329,0.026779422128259567,0.06666666666666732,,,,,,,,,,,,,,False,False,True
1974,3,1974Q3,1560.026,49.93333333333334,5.633333333333333,0.019587518365340895,0.028140013726836166,0.4333333333333327,,,,,,,,,,0.02605067431862329,,0.026779422128259567,0.06666666666666732,False,False,True
1974,4,1974Q4,1599.679,51.46666666666667,6.6000000000000005,0.025418166107487927,0.030707610146862407,0.9666666666666677,,,,,,5.641666666666667,,,,0.019587518365340895,0.02605067431862329,0.028140013726836166,0.4333333333333327,False,False,True
1975,1,1975Q1,1616.116,52.56666666666666,8.266666666666666,0.01027518645928338,0.021373056994818507,1.6666666666666652,0.08376223587706355,0.11134601832276259,3.133333333333333,0.020332886312683873,0.026750025749194162,6.425,0.0073090371000637646,0.0039373086398067515,0.6952217871538063,0.025418166107487927,0.019587518365340895,0.030707610146862407,0.9666666666666677,False,False,False
1975,2,1975Q2,1651.853,53.199999999999996,8.866666666666667,0.022112892886401836,0.012048192771084265,0.6000000000000014,0.07960296878022777,0.09540150995195606,3.666666666666667,0.01934844095462851,0.023067218409900336,7.341666666666667,0.006502944539718221,0.00833462550950356,0.5473843527446037,0.01027518645928338,0.025418166107487927,0.021373056994818507,1.6666666666666652,False,False,True
1975,3,1975Q3,1709.82,54.26666666666667,8.466666666666667,0.035092105653468986,0.02005012531328343,-0.40000000000000036,0.09602019453521926,0.0867823765020026,2.833333333333334,0.023224587776660532,0.021044746306512152,8.05,0.010239997175412373,0.0076464800603762775,0.8612544683537257,0.022112892886401836,0.01027518645928338,0.012048192771084265,0.6000000000000014,False,False,True
1975,4,1975Q4,1761.831,55.26666666666667,8.299999999999999,0.030418991472786594,0.01842751842751844,-0.16666666666666785,0.10136533642061929,0.07383419689119175,1.6999999999999984,0.0244747941179852,0.01797472337667616,8.475,0.010882221303930604,0.004130567069856728,0.9314962078211508,0.035092105653468986,0.022112892886401836,0.02005012531328343,-0.40000000000000036,False,False,True
1976,1,1976Q1,1820.487,55.9,7.733333333333333,0.033292637034993744,0.011459589867309772,-0.5666666666666655,0.1264581255305932,0.06341154090044387,-0.5333333333333323,0.03022915676191279,0.015496356594798977,8.341666666666667,0.005742907504618788,0.0043785019735969695,0.5156800615943244,0.030418991472786594,0.035092105653468986,0.01842751842751844,-0.16666666666666785,False,False,True
1976,2,1976Q2,1852.332,56.4,7.566666666666666,0.017492572042535848,0.008944543828264706,-0.16666666666666696,0.12136612640471034,0.06015037593984962,-1.3000000000000007,0.029074076550946293,0.014720444359094087,8.016666666666666,0.007957239254534135,0.005358547570031081,0.19507833184532594,0.033292637034993744,0.030418991472786594,0.011459589867309772,-0.5666666666666655,False,False,False
1976,3,1976Q3,1886.558,57.300000000000004,7.733333333333333,0.018477249218822545,0.015957446808510634,0.16666666666666696,0.10336643623305375,0.0558968058968059,-0.7333333333333334,0.024920362442284683,0.013697274732900888,7.833333333333332,0.008103819702332838,0.00428482857811195,0.2999999999999994,0.017492572042535848,0.033292637034993744,0.008944543828264706,-0.16666666666666696,False,False,False
1976,4,1976Q4,1934.273,58.13333333333333,7.766666666666667,0.02529209279545075,0.014543339150668855,0.033333333333333215,0.09787658407645239,0.051869722557297715,-0.5333333333333323,0.02363863777295072,0.012726229913688492,7.7,0.007310897597245344,0.0031436801817976336,0.3197221015541807,0.018477249218822545,0.017492572042535848,0.015957446808510634,0.16666666666666696,False,False,True
1977,1,1977Q1,1988.648,59.199999999999996,7.5,0.028111336920900065,0.0183486238532109,-0.2666666666666666,0.0923714368737596,0.05903398926654746,-0.2333333333333334,0.0223433127444273,0.014448488410163773,7.641666666666667,0.005178208803266691,0.003991257719301207,0.19507833184532689,0.02529209279545075,0.018477249218822545,0.014543339150668855,0.033333333333333215,False,False,True
1977,2,1977Q2,2055.909,60.23333333333333,7.133333333333333,0.03382247637590985,0.01745495495495497,-0.36666666666666714,0.10990308432829532,0.0679669030732859,-0.43333333333333357,0.026425788827770802,0.01657609119183634,7.533333333333333,0.006377476190149319,0.0016762135189819628,0.25,0.028111336920900065,0.02529209279545075,0.0183486238532109,-0.2666666666666666,False,False,True
1977,3,1977Q3,2118.473,61.06666666666666,6.8999999999999995,0.030431308000499868,0.013835085777531786,-0.2333333333333334,0.12293022530979703,0.06573589296102367,-0.8333333333333339,0.029414303523190133,0.016045500934091628,7.324999999999999,0.0036127842105914227,0.002193426619502441,0.17078251276599304,0.03382247637590985,0.028111336920900065,0.01745495495495497,-0.36666666666666714,False,False,True
1977,4,1977Q4,2164.27,61.96666666666667,6.666666666666667,0.02161792951810093,0.01473799126637565,-0.2333333333333325,0.11890617301694228,0.06594036697247718,-1.0999999999999996,0.02849576270385268,0.016094163963018326,7.05,0.005150164613973698,0.0021507347699087475,0.0630989816200025,0.030431308000499868,0.03382247637590985,0.013835085777531786,-0.2333333333333334,False,False,True
1978,1,1978Q1,2202.76,63.03333333333333,6.333333333333333,0.01778428754268191,0.017213555675094083,-0.3333333333333339,0.1076671185649749,0.06475225225225234,-1.166666666666667,0.02591400035929814,0.015810396918489122,6.758333333333333,0.007472137498374014,0.001800493785772552,0.06871842709362734,0.02161792951810093,0.030431308000499868,0.01473799126637565,-0.2333333333333325,False,False,False
1978,2,1978Q2,2331.633,64.46666666666667,6.0,0.05850523888212944,0.022739291380222237,-0.33333333333333304,0.1341129398236982,0.07028223574986181,-1.1333333333333329,0.03208469098585304,0.01713148102480594,6.475,0.01839233228545682,0.004002053143096118,0.057735026918961874,0.01778428754268191,0.02161792951810093,0.017213555675094083,-0.3333333333333339,False,False,True
1978,3,1978Q3,2395.053,65.96666666666667,6.033333333333334,0.02719982089805728,0.023267838676318542,0.0333333333333341,0.13055630163801935,0.08024017467248923,-0.8666666666666654,0.03127681921024239,0.019489669249502628,6.258333333333334,0.01855937601277806,0.004187033351874558,0.1732050807568878,0.05850523888212944,0.01778428754268191,0.022739291380222237,-0.33333333333333304,False,False,True
1978,4,1978Q4,2476.949,67.5,5.8999999999999995,0.034193815335193056,0.023244062657908016,-0.13333333333333464,0.14447319419480942,0.08929532006455076,-0.7666666666666675,0.03442079066451542,0.02161618709738572,6.066666666666666,0.017407161402115803,0.002945191473651728,0.17716909687891075,0.02719982089805728,0.05850523888212944,0.023267838676318542,0.0333333333333341,False,False,True
1979,1,1979Q1,2526.61,69.2,5.866666666666667,0.02004926221734893,0.0251851851851852,-0.03333333333333233,0.1470201020537869,0.09783183500793236,-0.4666666666666659,0.034987034333182176,0.0236090944749085,5.95,0.016708409763286365,0.001078629237819975,0.15986105077709062,0.034193815335193056,0.02719982089805728,0.023244062657908016,-0.13333333333333464,False,False,True
1979,2,1979Q2,2591.247,71.39999999999999,5.7,0.025582499871368958,0.0317919075144506,-0.16666666666666696,0.11134428102535865,0.10754912099276104,-0.2999999999999998,0.026756349580492056,0.02587224850846559,5.875,0.005827392432820922,0.00404988601470016,0.09179284245476856,0.02004926221734893,0.034193815335193056,0.0251851851851852,-0.03333333333333233,False,False,True
1979,3,1979Q3,2667.565,73.7,5.866666666666667,0.0294522289847321,0.03221288515406173,0.16666666666666696,0.11378119816137677,0.11723092470944918,-0.16666666666666696,0.02731945160216076,0.028108510127901387,5.833333333333333,0.005991056420581396,0.004568806867284495,0.1500000000000001,0.025582499871368958,0.02004926221734893,0.0317919075144506,-0.16666666666666696,False,False,True
1979,4,1979Q4,2723.883,76.03333333333335,5.966666666666666,0.02111213784856214,0.03165988240615114,0.09999999999999876,0.09969280756285248,0.12641975308641995,0.06666666666666643,0.02404903223050303,0.03021246506496217,5.85,0.004327030041467898,0.003359805497014377,0.1478237188405558,0.0294522289847321,0.025582499871368958,0.03221288515406173,0.16666666666666696,False,False,True
1980,1,1980Q1,2789.842,79.03333333333333,6.3,0.02421506356917691,0.03945637878123609,0.3333333333333339,0.10418386692049819,0.14210019267822727,0.4333333333333327,0.025090482568460026,0.03378026346397489,5.958333333333333,0.003457383305375572,0.0037914172844122494,0.20794408080236568,0.02111213784856214,0.0294522289847321,0.03165988240615114,0.09999999999999876,False,False,True
1980,2,1980Q2,2797.352,81.7,7.333333333333333,0.0026919087174110956,0.03374103753690427,1.0333333333333332,0.0795389246953302,0.14425770308123265,1.6333333333333329,0.01936783477997056,0.03426754596958831,6.366666666666667,0.011637865449342314,0.0035694414784322686,0.42806628077990533,0.02421506356917691,0.02111213784856214,0.03945637878123609,0.3333333333333339,False,False,False
1980,3,1980Q3,2856.483,83.23333333333333,7.666666666666667,0.021138204988146114,0.018767849857201035,0.3333333333333339,0.07082039238031701,0.12935323383084585,1.7999999999999998,0.017289328780824065,0.030906287145373135,6.816666666666666,0.009840023578799704,0.008737838069375694,0.40414518843273806,0.0026919087174110956,0.02421506356917691,0.03374103753690427,1.0333333333333332,False,False,True
1980,4,1980Q4,2985.557,85.56666666666666,7.3999999999999995,0.04518633578424924,0.028033640368442025,-0.2666666666666675,0.09606653442897506,0.12538360368259505,1.4333333333333336,0.02330787826474584,0.029999726635945856,7.174999999999999,0.017408959102648988,0.008821304292050147,0.5315072906367326,0.021138204988146114,0.0026919087174110956,0.018767849857201035,0.3333333333333339,False,False,True
1981,1,1981Q1,3124.206,87.93333333333334,7.433333333333334,0.04643991054265606,0.027658745617452407,0.0333333333333341,0.1198505148320228,0.11261071277941803,1.1333333333333337,0.028864090008115628,0.027050318344999935,7.458333333333334,0.020976157476956057,0.006183367839183569,0.5567764362830022,0.04518633578424924,0.021138204988146114,0.028033640368442025,-0.2666666666666675,False,False,True
1981,2,1981Q2,3162.532,89.76666666666667,7.3999999999999995,0.012267436910370133,0.020849128127369054,-0.0333333333333341,0.13054488673574172,0.09873521011831898,0.06666666666666643,0.03125797205635539,0.02382734099261613,7.475,0.017200200415344397,0.00472019838066005,0.24720661623652251,0.04643991054265606,0.04518633578424924,0.027658745617452407,0.0333333333333341,False,False,False
1981,3,1981Q3,3260.609,92.26666666666667,7.3999999999999995,0.03101217631948061,0.027849981433345716,0.0,0.14147677406096926,0.1085302362835403,-0.2666666666666675,0.03372646488918901,0.0260978738866523,7.408333333333333,0.01592500743642411,0.0035025098302410417,0.13608276348795445,0.012267436910370133,0.04643991054265606,0.020849128127369054,-0.0333333333333341,False,False,True
1981,4,1981Q4,3280.818,93.76666666666667,8.233333333333334,0.006197921921947902,0.016257225433526035,0.8333333333333348,0.09889645382754386,0.0958317101675108,0.8333333333333348,0.023979361423613677,0.023153770152923303,7.616666666666667,0.01832380526931891,0.005633912443378731,0.41755460942474626,0.03101217631948061,0.012267436910370133,0.027849981433345716,0.0,False,False,False
1982,1,1982Q1,3274.302,94.60000000000001,8.833333333333334,-0.0019860900543705595,0.008887308922858272,0.5999999999999996,0.04804292674682786,0.07581501137225177,1.4000000000000004,0.011872861274357022,0.01846091097927477,7.966666666666667,0.014032635044953732,0.007965933957737866,0.43418719294622105,0.006197921921947902,0.03101217631948061,0.016257225433526035,0.8333333333333348,False,True,False
1982,2,1982Q2,3331.972,95.96666666666665,9.433333333333334,0.017612914141700964,0.014446793516560641,0.5999999999999996,0.05357732348637101,0.06906795395469723,2.033333333333334,0.01320923058218973,0.016860327326572666,8.475,0.01433403320997839,0.00796932446317231,0.356292638773866,-0.0019860900543705595,0.006197921921947902,0.008887308922858272,0.5999999999999996,False,False,False
1982,3,1982Q3,3366.322,97.63333333333333,9.9,0.01030921028147902,0.017367141368530792,0.4666666666666668,0.032421244006871186,0.05816473988439297,2.500000000000001,0.008033489072689332,0.014239617310368935,9.100000000000001,0.00817935540087031,0.003765734825521652,0.15244914148902514,0.017612914141700964,-0.0019860900543705595,0.014446793516560641,0.5999999999999996,False,False,False
1982,4,1982Q4,3402.561,97.93333333333334,10.666666666666666,0.010765161502672704,0.003072721065210171,0.7666666666666657,0.03710751404070578,0.04443654461429092,2.433333333333332,0.009175298967870532,0.010943491218289969,9.708333333333334,0.008156457001953613,0.0063169960339921095,0.12285191326386553,0.01030921028147902,0.017612914141700964,0.017367141368530792,0.4666666666666668,False,False,False
1983,1,1983Q1,3473.413,98.0,10.366666666666667,0.020823138806328467,0.000680735194009463,-0.29999999999999893,0.06081021237503448,0.03594080338266381,1.5333333333333332,0.014877606183045289,0.008891847786077767,10.091666666666667,0.005183747362857036,0.008245658032575232,0.47179719434582446,0.010765161502672704,0.01030921028147902,0.003072721065210171,0.7666666666666657,False,False,True
1983,2,1983Q2,3578.848,99.13333333333333,10.133333333333333,0.03035486997946979,0.011564625850340127,-0.23333333333333428,0.07409305960554291,0.032997568600208416,0.6999999999999993,0.018063095142487495,0.008171305869522638,10.266666666666667,0.009523447126580034,0.007706755198496483,0.5251983752196238,0.020823138806328467,0.010765161502672704,0.000680735194009463,-0.29999999999999893,False,False,True
1983,3,1983Q3,3689.179,100.10000000000001,9.366666666666667,0.030828635359758216,0.009751176866173772,-0.7666666666666657,0.09590793750568127,0.025264595425059877,-0.5333333333333332,0.023192951412057294,0.006267314743933383,10.133333333333333,0.009480905736153728,0.005215812499333416,0.6452102729314646,0.03035486997946979,0.020823138806328467,0.011564625850340127,-0.23333333333333428,False,False,True
1983,4,1983Q4,3794.706,101.10000000000001,8.533333333333333,0.028604467281202695,0.009990009990010096,-0.8333333333333339,0.11524995437260355,0.032334921715452714,-2.133333333333333,0.027652777856689792,0.007996636975133364,9.600000000000001,0.004652492344207768,0.004943174071058055,0.31031644541708725,0.030828635359758216,0.03035486997946979,0.009751176866173772,-0.7666666666666657,False,False,True
1984,1,1984Q1,3908.054,102.53333333333335,7.866666666666667,0.029870034727327965,0.014177382129904492,-0.6666666666666661,0.12513369415039333,0.04625850340136073,-2.5,0.029914501836939666,0.011370798709107122,8.975000000000001,0.0009570322285688148,0.0020366829126028875,0.26994512473902904,0.028604467281202695,0.030828635359758216,0.009990009990010096,-0.8333333333333339,False,False,True
1984,2,1984Q2,4009.601,103.5,7.433333333333334,0.025984031950428532,0.00942782834850453,-0.43333333333333357,0.12036079766449981,0.04404841963685291,-2.6999999999999993,0.028821792329679352,0.010836599333648222,8.3,0.002099709917928766,0.0022390712978081363,0.1750661250732076,0.029870034727327965,0.028604467281202695,0.014177382129904492,-0.6666666666666661,False,False,True
1984,3,1984Q3,4084.25,104.39999999999999,7.433333333333334,0.01861756319394381,0.008695652173912993,0.0,0.10708913826084343,0.042957042957042724,-1.9333333333333336,0.02576902428822575,0.010572718160583028,7.816666666666667,0.005034800481511373,0.0024608467745806254,0.36158089100606605,0.025984031950428532,0.029870034727327965,0.00942782834850453,-0.43333333333333357,False,False,False
1984,4,1984Q4,4148.551,105.3,7.3,0.01574364938483197,0.008620689655172376,-0.13333333333333375,0.09324701307558492,0.041543026706231334,-1.2333333333333334,0.02255381981413307,0.010230388076873598,7.508333333333334,0.00651065520031471,0.0026564015429979,0.29984563930030245,0.01861756319394381,0.025984031950428532,0.008695652173912993,0.0,False,False,False
1985,1,1985Q1,4230.168,106.26666666666667,7.233333333333333,0.01967361616140173,0.009180120291231386,-0.06666666666666643,0.08242311902547916,0.03641092327698292,-0.6333333333333337,0.02000471517265151,0.008981072617205321,7.35,0.004318283916264854,0.0003875355333199758,0.1912434942006498,0.01574364938483197,0.01861756319394381,0.008620689655172376,-0.13333333333333375,False,False,True
1985,2,1985Q2,4294.887,107.23333333333333,7.3,0.015299392364558573,0.009096612296110473,0.06666666666666643,0.07115072048316029,0.03607085346215788,-0.13333333333333375,0.01733355527618402,0.008898268604106807,7.316666666666666,0.0021439978835331693,0.0002810006431598414,0.08606629658238614,0.01967361616140173,0.01574364938483197,0.009180120291231386,-0.06666666666666643,False,False,False
1985,3,1985Q3,4386.773,107.89999999999999,7.2,0.02139427649668102,0.006216972334472937,-0.09999999999999964,0.07407063720389306,0.03352490421455934,-0.2333333333333334,0.018027733601868323,0.008278598644246793,7.258333333333333,0.002983478231869054,0.0013963305381755797,0.08766518798921846,0.015299392364558573,0.01967361616140173,0.009096612296110473,0.06666666666666643,False,False,True
1985,4,1985Q4,4444.094,109.0,7.033333333333334,0.013066780524089161,0.010194624652456019,-0.16666666666666607,0.07124005466004868,0.03513770180436859,-0.2666666666666657,0.01735851638668262,0.008672082393567704,7.191666666666666,0.0038430038201524,0.001711142744482435,0.09813067629253046,0.02139427649668102,0.015299392364558573,0.006216972334472937,-0.09999999999999964,False,False,False
1986,1,1986Q1,4507.894,109.56666666666666,7.033333333333334,0.014356131981006826,0.005198776758409851,0.0,0.06565365725427474,0.03105395232120456,-0.1999999999999993,0.016029145341583895,0.00767674651036232,7.141666666666667,0.0036919620228938357,0.002354216353988197,0.10363754503431902,0.013066780524089161,0.02139427649668102,0.010194624652456019,-0.16666666666666607,False,False,False
1986,2,1986Q2,4545.34,109.03333333333335,7.166666666666667,0.008306761427841813,-0.004867660480681324,0.13333333333333286,0.05831422340098835,0.016785825303077484,-0.13333333333333286,0.014280987607404705,0.004185678316164371,7.108333333333334,0.005408949460074914,0.006408923551980752,0.13052600138300705,0.014356131981006826,0.013066780524089161,0.005198776758409851,0.0,False,False,False
1986,3,1986Q3,4607.669,109.7,6.966666666666666,0.013712725560684147,0.0061143381228980775,-0.20000000000000107,0.050355010391465393,0.016682113067655324,-0.23333333333333428,0.012360599873405487,0.004160019763270656,7.05,0.0027533427877640343,0.006398276932147391,0.15485955405295895,0.008306761427841813,0.014356131981006826,-0.004867660480681324,0.13333333333333286,False,False,False
1986,4,1986Q4,4657.627,110.46666666666665,6.833333333333333,0.010842358685053233,0.006988757216651376,-0.13333333333333286,0.04804871364107077,0.013455657492354556,-0.20000000000000107,0.011804494413646505,0.003358552904319495,7.0,0.002787594039424854,0.005532622826138885,0.14782371884055587,0.013712725560684147,0.008306761427841813,0.0061143381228980775,-0.20000000000000107,False,False,False
1987,1,1987Q1,4722.156,111.8,6.599999999999999,0.0138544799744591,0.012070006035003189,-0.23333333333333428,0.04753039889580357,0.020383328262853606,-0.43333333333333535,0.011679081412009573,0.0050763602234678296,6.891666666666666,0.002642014031401563,0.007130434532831696,0.166388657020799,0.010842358685053233,0.013712725560684147,0.006988757216651376,-0.13333333333333286,False,False,False
1987,2,1987Q2,4806.16,113.06666666666666,6.266666666666667,0.017789331822159138,0.011329755515802065,-0.33333333333333215,0.05738184602251972,0.036991745643534024,-0.9000000000000004,0.014049724010588904,0.009125714222588677,6.666666666666666,0.0028532757259384076,0.003008965689283349,0.08333333333333195,0.0138544799744591,0.010842358685053233,0.012070006035003189,-0.23333333333333428,False,False,False
1987,3,1987Q3,4884.555,114.26666666666667,6.0,0.016311358756262884,0.010613207547169878,-0.2666666666666666,0.06009242417369842,0.04162868429048916,-0.9666666666666659,0.014699382309483588,0.010250431578656627,6.425,0.0030406549322472562,0.0022543230625161966,0.08333333333333211,0.017789331822159138,0.0138544799744591,0.011329755515802065,-0.33333333333333215,False,False,False
1987,4,1987Q4,5007.994,115.33333333333333,5.833333333333333,0.025271288786798296,0.00933488914819125,-0.16666666666666696,0.0752243578113918,0.044055522027761196,-1.0,0.018306614834919854,0.010836964561541595,6.175,0.004918564038633373,0.0011646933714858946,0.06938886664886926,0.016311358756262884,0.017789331822159138,0.010613207547169878,-0.2666666666666666,False,False,True
1988,1,1988Q1,5073.372,116.23333333333333,5.7,0.013054728100712731,0.007803468208092523,-0.13333333333333286,0.07437619595794809,0.039654144305307115,-0.8999999999999986,0.018106676866483262,0.009770330104813929,5.95,0.005169710671940708,0.0015492368597417167,0.09179284245476711,0.025271288786798296,0.016311358756262884,0.00933488914819125,-0.16666666666666696,False,False,False
1988,2,1988Q2,5190.036,117.56666666666666,5.466666666666666,0.022995356934204736,0.011471178663607695,-0.23333333333333428,0.07987166469697216,0.03979952830188682,-0.8000000000000007,0.019408183144494662,0.009805685891765337,5.75,0.00569211547831152,0.0015975483950498057,0.0608580619450174,0.013054728100712731,0.025271288786798296,0.007803468208092523,-0.13333333333333286,False,False,True
1988,3,1988Q3,5282.835,119.0,5.466666666666666,0.017880222796142542,0.01219166430394103,0.0,0.08153864579270786,0.04142357059509916,-0.5333333333333341,0.019800399154464576,0.010200300080958125,5.616666666666666,0.005456786105269385,0.0020061906647301044,0.09813067629253117,0.022995356934204736,0.013054728100712731,0.011471178663607695,-0.23333333333333428,False,False,False
1988,4,1988Q4,5399.509,120.3,5.333333333333333,0.022085490082503156,0.01092436974789912,-0.13333333333333286,0.07817800899921212,0.04306358381502884,-0.5,0.01900394947839079,0.010597670230885092,5.491666666666666,0.004549110632132342,0.001933746933250776,0.09574271077563329,0.017880222796142542,0.022995356934204736,0.01219166430394103,0.0,False,False,True
1989,1,1989Q1,5511.253,121.66666666666667,5.2,0.020695215064925332,0.011360487669714647,-0.13333333333333286,0.08630965756108555,0.04674505305420129,-0.5,0.02091407121944394,0.011486925096290623,5.366666666666666,0.002232793963560548,0.0005257883743437415,0.09574271077563329,0.022085490082503156,0.017880222796142542,0.01092436974789912,-0.13333333333333286,False,False,True
1989,2,1989Q2,5612.463,123.63333333333333,5.233333333333333,0.018364244936677654,0.016164383561643625,0.033333333333333215,0.08139192098089487,0.05160192798412244,-0.2333333333333325,0.01975629322006217,0.012660226320799606,5.308333333333334,0.001980250061107253,0.0023945206155587947,0.08766518798921821,0.020695215064925332,0.022085490082503156,0.011360487669714647,-0.13333333333333286,False,False,False
1989,3,1989Q3,5695.365,124.60000000000001,5.233333333333333,0.014771055060853078,0.007818819088703188,0.0,0.07808875348179534,0.04705882352941182,-0.2333333333333325,0.018979001286239805,0.011567015016990145,5.25,0.0031979367921902957,0.0034467577392507105,0.08766518798921821,0.018364244936677654,0.020695215064925332,0.016164383561643625,0.033333333333333215,False,False,False
1989,4,1989Q4,5747.237,125.86666666666667,5.366666666666667,0.009107756921637122,0.01016586409844833,0.13333333333333375,0.06439992969731145,0.04627320587420347,0.0333333333333341,0.015734567996023296,0.011377388604627447,5.258333333333334,0.0050453345560118905,0.0035141056230017387,0.11013459778666038,0.014771055060853078,0.018364244936677654,0.007818819088703188,0.0,False,False,False
1990,1,1990Q1,5872.701,128.03333333333333,5.3,0.021830316028380148,0.017213983050847315,-0.06666666666666732,0.06558363406651813,0.05232876712328771,0.09999999999999964,0.016018343236887,0.012840762449910614,5.283333333333333,0.005434280496034109,0.004566052709311973,0.08333333333333279,0.009107756921637122,0.014771055060853078,0.01016586409844833,0.13333333333333375,False,False,True
1990,2,1990Q2,5960.028,129.29999999999998,5.333333333333333,0.014869989124254746,0.009893256964332187,0.033333333333333215,0.06192735702667451,0.04583445672688047,0.09999999999999964,0.015144779283781273,0.011272980800582755,5.308333333333334,0.005207597654420769,0.004096994269214381,0.08333333333333279,0.021830316028380148,0.009107756921637122,0.017213983050847315,-0.06666666666666732,False,False,False
1990,3,1990Q3,6015.116,131.53333333333333,5.7,0.009242909597068971,0.017272492910544113,0.36666666666666714,0.05614231923678292,0.055644729802033055,0.4666666666666668,0.013762742917835247,0.013636399256042986,5.425,0.006011364734898036,0.004166373777809049,0.18559214542766742,0.014869989124254746,0.021830316028380148,0.009893256964332187,0.033333333333333215,False,False,False
1990,4,1990Q4,6004.733,133.76666666666665,6.133333333333333,-0.0017261512496183906,0.01697921946274694,0.4333333333333327,0.04480344207138143,0.06276483050847448,0.7666666666666657,0.011054265875021368,0.015339738097117639,5.616666666666666,0.009954949761599446,0.003633198370281025,0.2455153310442704,0.009242909597068971,0.014869989124254746,0.017272492910544113,0.36666666666666714,False,True,False
1991,1,1991Q1,6035.178,134.76666666666668,6.6000000000000005,0.005070167149813232,0.007475703962123381,0.4666666666666677,0.02766648600022381,0.05259047123145022,1.3000000000000007,0.0068642286553796394,0.012905168324936656,5.941666666666666,0.006994369337910519,0.004974002748315229,0.19883922409081403,-0.0017261512496183906,0.009242909597068971,0.01697921946274694,0.4333333333333327,False,False,False
1991,2,1991Q2,6126.862,135.56666666666666,6.833333333333333,0.015191598325683175,0.005936186000494503,0.2333333333333325,0.027992150372447844,0.0484660995101831,1.5,0.006944630955736747,0.011915900583977235,6.316666666666666,0.007117832866038781,0.006049865341801127,0.10318986456114812,0.005070167149813232,-0.0017261512496183906,0.007475703962123381,0.4666666666666677,False,False,False
1991,3,1991Q3,6205.937,136.6,6.866666666666667,0.012906280572338558,0.00762232603884927,0.0333333333333341,0.03172357773316414,0.03852002027369483,1.166666666666667,0.007860473699554144,0.009503358866053524,6.608333333333333,0.00772214874757232,0.0050419203623363554,0.20069324297987107,0.015191598325683175,0.005070167149813232,0.005936186000494503,0.2333333333333325,False,False,False
1991,4,1991Q4,6264.54,137.73333333333332,7.1000000000000005,0.009443054288176045,0.00829673011224985,0.2333333333333334,0.043267036186288355,0.029653625716421717,0.9666666666666677,0.010652775084002752,0.007332736528429251,6.8500000000000005,0.004408633165200197,0.0009973195372872542,0.1771690968789105,0.012906280572338558,0.015191598325683175,0.00762232603884927,0.0333333333333341,False,False,False
1992,1,1992Q1,6363.102,138.66666666666666,7.366666666666667,0.01573331800898381,0.006776379477250849,0.2666666666666666,0.05433543136590169,0.02893890675241151,0.7666666666666666,0.013318562798795397,0.007157905407211118,7.041666666666667,0.002859419968003479,0.0010248200778474681,0.10671873729054622,0.009443054288176045,0.012906280572338558,0.00829673011224985,0.2333333333333334,False,False,False
1992,2,1992Q2,6470.763,139.73333333333332,7.6000000000000005,0.016919577903984573,0.007692307692307665,0.2333333333333334,0.05613003850910947,0.030735185640521134,0.7666666666666675,0.013750557693370746,0.0075969358301644085,7.233333333333334,0.0033287343444273836,0.0006252373470216743,0.10671873729054633,0.01573331800898381,0.009443054288176045,0.006776379477250849,0.2666666666666666,False,False,False
1992,3,1992Q3,6566.641,140.79999999999998,7.633333333333333,0.014817108894267905,0.007633587786259444,0.03333333333333233,0.058122407623538486,0.030746705710102518,0.7666666666666657,0.014228264773853083,0.007599751267016952,7.425000000000001,0.003304205824671346,0.0006254151199488633,0.1067187372905472,0.016919577903984573,0.01573331800898381,0.007692307692307665,0.2333333333333334,False,False,False
1992,4,1992Q4,6680.803,142.03333333333333,7.366666666666667,0.017385144094218097,0.008759469696969724,-0.2666666666666657,0.06644749654404003,0.031219748305905126,0.2666666666666666,0.016213787225363596,0.00771543616319692,7.491666666666667,0.0011621500799067323,0.0008122125259715405,0.24494897427831708,0.014817108894267905,0.016919577903984573,0.007633587786259444,0.03333333333333233,False,False,False
1993,1,1993Q1,6729.459,143.0666666666667,7.133333333333333,0.0072829568541386,0.007275287491199434,-0.23333333333333428,0.05757522038779195,0.03173076923076956,-0.23333333333333428,0.014101196936652294,0.007840163166684067,7.433333333333334,0.004680758769136995,0.0006399853265195001,0.23629078131262993,0.017385144094218097,0.014817108894267905,0.008759469696969724,-0.2666666666666657,False,False,False
1993,2,1993Q2,6808.939,144.1,7.066666666666666,0.011810756258415545,0.007222739981360471,-0.06666666666666643,0.052262152083146995,0.03125,-0.5333333333333341,0.012823991525260037,0.007722771238947268,7.299999999999999,0.004339982355436512,0.000714835725688504,0.14142135623730848,0.0072829568541386,0.017385144094218097,0.007275287491199434,-0.23333333333333428,False,False,False
1993,3,1993Q3,6882.098,144.76666666666668,6.8,0.010744552124787754,0.004626416840157521,-0.2666666666666666,0.048039324823756946,0.02817234848484862,-0.833333333333333,0.011805852332889999,0.006970978502421787,7.091666666666666,0.00419171652388918,0.0017177172782565473,0.09574271077563296,0.011810756258415545,0.0072829568541386,0.007222739981360471,-0.06666666666666643,False,False,False
1993,4,1993Q4,7013.738,145.96666666666667,6.633333333333333,0.019127888036468033,0.00828920101312458,-0.16666666666666696,0.049834578268510565,0.027693029805210045,-0.7333333333333343,0.012241538318452483,0.006853411331460502,6.908333333333333,0.004981160621927466,0.0015636900396242166,0.088191710368819,0.010744552124787754,0.011810756258415545,0.004626416840157521,-0.2666666666666666,False,False,False
1994,1,1994Q1,7115.652,146.70000000000002,6.566666666666666,0.014530625466762537,0.005023978077186575,-0.06666666666666643,0.057388417107526735,0.025396085740913232,-0.5666666666666664,0.014053455471608467,0.006290583977957287,6.766666666666667,0.0037397013329516023,0.0017547200762839108,0.09574271077563308,0.019127888036468033,0.010744552124787754,0.00828920101312458,-0.16666666666666696,False,False,False
1994,2,1994Q2,7246.931,147.53333333333333,6.2,0.018449328325780945,0.005680527152919668,-0.36666666666666625,0.06432602788775155,0.0238260467268101,-0.8666666666666663,0.015713098488449817,0.005905030770847086,6.550000000000001,0.003882972950151867,0.0016478043018295567,0.1290994448735798,0.014530625466762537,0.019127888036468033,0.005023978077186575,-0.06666666666666643,False,False,False
1994,3,1994Q3,7331.075,148.9,6.0,0.011610984015164583,0.009263443289652118,-0.20000000000000018,0.06523839096740547,0.02855169237854005,-0.7999999999999998,0.015929706461044024,0.007064287383220735,6.35,0.003520684162855494,0.0020342365104029244,0.12472191289246393,0.018449328325780945,0.014530625466762537,0.005680527152919668,-0.36666666666666625,False,False,False
1994,4,1994Q4,7455.288,149.76666666666668,5.633333333333333,0.016943354146561118,0.005820461159615098,-0.36666666666666714,0.06295501770952949,0.026033340945421424,-1.0,0.015383572988567296,0.006447102419843365,6.1,0.002988406492077848,0.001909395689609424,0.1452966314513553,0.011610984015164583,0.018449328325780945,0.009263443289652118,-0.20000000000000018,False,False,False
1995,1,1995Q1,7522.289,150.86666666666667,5.466666666666666,0.008987043827146657,0.007344758513242677,-0.16666666666666696,0.05714683629834627,0.028402635764598783,-1.1000000000000005,0.013997677578663326,0.00702729752885739,5.825,0.004445858056470811,0.0016704663827562798,0.10671873729054658,0.016943354146561118,0.011610984015164583,0.005820461159615098,-0.36666666666666714,False,False,False
1995,2,1995Q2,7580.997,152.1,5.666666666666667,0.007804539283188916,0.008174988952717621,0.20000000000000107,0.04609758254908192,0.030953456845910443,-0.5333333333333332,0.011336480318015318,0.007650912978806879,5.691666666666666,0.0040623000753717605,0.0014513435211316707,0.23882428066894118,0.008987043827146657,0.016943354146561118,0.007344758513242677,-0.16666666666666696,False,False,False
1995,3,1995Q3,7683.125,152.86666666666667,5.666666666666667,0.01347157900207585,0.00504054350208194,0.0,0.04802160665386723,0.026639802999776085,-0.33333333333333304,0.011801629064743135,0.006595188031914334,5.608333333333333,0.004208114636892821,0.0014229954552106097,0.24113927126900814,0.007804539283188916,0.008987043827146657,0.008174988952717621,0.20000000000000107,False,False,False
1995,4,1995Q4,7772.586,153.70000000000002,5.566666666666666,0.011643829821849971,0.005451373746184096,-0.10000000000000053,0.042560126449843416,0.026263075895837984,-0.06666666666666643,0.010476747983565349,0.006502916178556584,5.591666666666666,0.0025619660847810495,0.0014998667952565957,0.1598610507770908,0.01347157900207585,0.007804539283188916,0.00504054350208194,0.0,False,False,False
1996,1,1996Q1,7868.468,155.06666666666666,5.533333333333334,0.012335920117191312,0.00889178052483186,-0.03333333333333233,0.04602043340796924,0.02783915156871397,0.0666666666666682,0.011313967056076513,0.006889671681453879,5.608333333333333,0.0024579510509093678,0.001927732371024739,0.1290994448735805,0.011643829821849971,0.01347157900207585,0.005451373746184096,-0.10000000000000053,False,False,False
1996,2,1996Q2,8032.84,156.4,5.5,0.02088996231540885,0.008598452278590019,-0.0333333333333341,0.0596020549803673,0.02827087442472065,-0.16666666666666696,0.014585322814131496,0.006995537512921979,5.566666666666666,0.004270093599153771,0.0020307237320013384,0.04194352464039144,0.012335920117191312,0.011643829821849971,0.00889178052483186,-0.03333333333333233,False,False,True
1996,3,1996Q3,8131.408,157.29999999999998,5.266666666666667,0.012270629067677286,0.005754475703324768,-0.2333333333333334,0.058346441064020205,0.029001308329698938,-0.40000000000000036,0.014285085330531855,0.007174020563232686,5.466666666666667,0.004414291551742326,0.0018222993408482365,0.09428090415820559,0.02088996231540885,0.012335920117191312,0.008598452278590019,-0.0333333333333341,False,False,False
1996,4,1996Q4,8259.771,158.66666666666666,5.333333333333333,0.0157860729654693,0.008688281415554222,0.06666666666666643,0.06267991116470117,0.0323140316634134,-0.2333333333333334,0.015320646116436687,0.007983247480575217,5.408333333333333,0.004059765935955274,0.0014909064044563488,0.1258305739211785,0.012270629067677286,0.02088996231540885,0.005754475703324768,-0.2333333333333334,False,False,False
1997,1,1997Q1,8362.655,159.63333333333333,5.233333333333333,0.012456035403402899,0.006092436974789894,-0.09999999999999964,0.06280599984647584,0.029449699054170164,-0.3000000000000007,0.015350674937989583,0.007283411593064726,5.333333333333333,0.004030669782653566,0.0015768171230930567,0.12583057392117836,0.0157860729654693,0.012270629067677286,0.008688281415554222,0.06666666666666643,False,False,False
1997,2,1997Q2,8518.825,160.0,5.0,0.01867469123143306,0.002296930465650604,-0.2333333333333334,0.060499773430069625,0.023017902813299296,-0.5,0.014796857166995636,0.005708031139829872,5.208333333333333,0.0030483558336670664,0.002624717410742914,0.14240006242195824,0.012456035403402899,0.0157860729654693,0.006092436974789894,-0.09999999999999964,False,False,False
1997,3,1997Q3,8662.823,160.79999999999998,4.866666666666667,0.016903504884769882,0.004999999999999893,-0.13333333333333286,0.06535338037397698,0.022250476795931284,-0.39999999999999947,0.015955076121268785,0.0055194122139986534,5.108333333333333,0.0026183755446729175,0.0026472795507548738,0.12472191289246395,0.01867469123143306,0.012456035403402899,0.002296930465650604,-0.2333333333333334,False,False,False
1997,4,1997Q4,8765.907,161.66666666666666,4.666666666666667,0.011899585158325232,0.005389718076285188,-0.20000000000000018,0.06127724364271092,0.018907563025210017,-0.6666666666666661,0.014983454169482768,0.004694771379181395,4.941666666666666,0.003327156919147856,0.0016612470804119987,0.06085806194501743,0.016903504884769882,0.01867469123143306,0.004999999999999893,-0.13333333333333286,False,False,False
1998,1,1998Q1,8866.48,162.0,4.633333333333333,0.011473199521738087,0.0020618556701030855,-0.0333333333333341,0.06024701485353612,0.014825642096471192,-0.6000000000000005,0.014737745199066565,0.0036871260530096928,4.791666666666666,0.0036010401263250245,0.0017508669459321325,0.08819171036881852,0.011899585158325232,0.016903504884769882,0.005389718076285188,-0.20000000000000018,False,False,False
1998,2,1998Q2,8969.699,162.53333333333333,4.3999999999999995,0.011641485685413011,0.003292181069958877,-0.2333333333333334,0.05292678274292517,0.015833333333333366,-0.6000000000000005,0.012979443812561553,0.003935938704086761,4.641666666666667,0.0026219111239190207,0.0015462117162335252,0.08819171036881852,0.011473199521738087,0.011899585158325232,0.0020618556701030855,-0.0333333333333341,False,False,False
1998,3,1998Q3,9121.097,163.36666666666667,4.533333333333333,0.016878827260535578,0.005127153404429929,0.13333333333333375,0.052901230926685194,0.015961857379767963,-0.3333333333333339,0.012973274406502977,0.00396772705519427,4.558333333333333,0.002609600068645223,0.0015763920872298091,0.16887426837300706,0.011641485685413011,0.011473199521738087,0.003292181069958877,-0.2333333333333334,False,False,False
1998,4,1998Q4,9293.991,164.13333333333333,4.433333333333334,0.018955395387199703,0.004692919812283147,-0.09999999999999964,0.06024293892235,0.01525773195876301,-0.2333333333333334,0.014737226963721595,0.00379352748919376,4.5,0.0037690355036970455,0.0013949313189465845,0.15244914148902453,0.016878827260535578,0.011641485685413011,0.005127153404429929,0.13333333333333375,False,False,False
1999,1,1999Q1,9411.682,164.73333333333332,4.3,0.012663128251361622,0.0036555645816409577,-0.13333333333333375,0.061490241899829545,0.01687242798353905,-0.33333333333333304,0.015034709146127478,0.004191954717078228,4.416666666666666,0.003459812789520196,0.0008607883218079781,0.15515822270854351,0.018955395387199703,0.016878827260535578,0.004692919812283147,-0.09999999999999964,False,False,False
1999,2,1999Q2,9526.21,165.96666666666667,4.266666666666667,0.012168706932512041,0.0074868474301903465,-0.033333333333333215,0.062043442037464036,0.02112387202625099,-0.13333333333333286,0.015166514457902236,0.005240621307136095,4.383333333333334,0.00329349997666312,0.0016197518854583343,0.11863420280034746,0.012663128251361622,0.018955395387199703,0.0036555645816409577,-0.13333333333333375,False,False,False
1999,3,1999Q3,9686.626,167.20000000000002,4.233333333333333,0.01683943562025192,0.007431211086563749,-0.033333333333333215,0.06200230081973701,0.02346459906141618,-0.2999999999999998,0.015156666547831321,0.00581663572766955,4.308333333333334,0.003286725241781157,0.0019433156097655952,0.04999999999999856,0.012168706932512041,0.012663128251361622,0.0074868474301903465,-0.033333333333333215,False,False,False
1999,4,1999Q4,9900.169,168.43333333333334,4.066666666666666,0.02204513728516,0.007376395534290259,-0.16666666666666696,0.06522257230505168,0.026198212835093493,-0.36666666666666714,0.015929102022321395,0.006487504658171328,4.216666666666667,0.0045840938944668895,0.001888498467538188,0.06871842709362677,0.01683943562025192,0.012168706932512041,0.007431211086563749,-0.033333333333333215,False,False,True
2000,1,2000Q1,10002.179,170.1,4.033333333333333,0.010303864509787708,0.009895111814763435,-0.033333333333333215,0.06274085758528591,0.03257790368271962,-0.2666666666666666,0.015339286086927917,0.008047391466451947,4.15,0.005248076839792792,0.001232638620154554,0.06666666666666567,0.02204513728516,0.01683943562025192,0.007376395534290259,-0.16666666666666696,False,False,False
2000,2,2000Q2,10247.72,171.4333333333333,3.9333333333333336,0.024548750827194654,0.00783852635704485,-0.09999999999999964,0.0757394598691401,0.032938341032335616,-0.33333333333333304,0.01843429706059857,0.008135311198165573,4.066666666666666,0.006300058953913083,0.0011911744070636587,0.06382847385042144,0.010303864509787708,0.02204513728516,0.009895111814763435,-0.033333333333333215,False,False,True
2000,3,2000Q3,10318.165,173.0,4.0,0.006874212019844617,0.009138635037915677,0.06666666666666643,0.06519700461233868,0.03468899521531088,-0.2333333333333334,0.015942991160496744,0.008562167186003555,4.008333333333333,0.00866675239545493,0.0011602825843978711,0.09953596037315982,0.024548750827194654,0.010303864509787708,0.00783852635704485,-0.09999999999999964,False,False,False
2000,4,2000Q4,10435.744,174.23333333333335,3.9,0.011395340159805478,0.007129094412331449,-0.10000000000000009,0.054097561364861546,0.03443498911537701,-0.16666666666666652,0.013280541879158114,0.008500341905513853,3.966666666666667,0.007755174376868527,0.0012478141862705188,0.07876359377087562,0.006874212019844617,0.024548750827194654,0.009138635037915677,0.06666666666666643,False,False,False
2001,1,2001Q1,10470.231,175.9,4.233333333333333,0.0033046996936680895,0.009565716472163643,0.3333333333333335,0.04679500336876585,0.034097589653145244,0.20000000000000018,0.01153075067512821,0.008417993069863905,4.016666666666667,0.009288665691127606,0.0011304328485080986,0.20457725155024373,0.011395340159805478,0.006874212019844617,0.007129094412331449,-0.10000000000000009,False,False,False
2001,2,2001Q2,10599.0,177.13333333333333,4.3999999999999995,0.012298582524110424,0.0070115595982565004,0.16666666666666607,0.03427884446491514,0.03324907641454411,0.4666666666666659,0.008468208599357152,0.008211251380166817,4.133333333333333,0.004181009164074718,0.001329779456490876,0.181557051537424,0.0033046996936680895,0.011395340159805478,0.009565716472163643,0.3333333333333335,False,False,False
2001,3,2001Q3,10598.02,177.63333333333333,4.833333333333333,-9.24615529767081e-05,0.002822732404968109,0.43333333333333357,0.02712255522178597,0.026782273603082718,0.833333333333333,0.006726540206151821,0.0066322757219299255,4.341666666666667,0.00608421800190818,0.002799308247223106,0.23313483620396971,0.012298582524110424,0.0033046996936680895,0.0070115595982565004,0.16666666666666607,False,True,False
2001,4,2001Q4,10660.465,177.5,5.5,0.005892138342822539,-0.0007506098705197806,0.666666666666667,0.021533778521205527,0.0187488042854409,1.6,0.005350739751906086,0.004662349651217118,4.741666666666666,0.005240240197640773,0.004555074677495678,0.20905430802474195,-9.24615529767081e-05,0.012298582524110424,0.002822732404968109,0.43333333333333357,False,False,False
2002,1,2002Q1,10783.5,178.0666666666667,5.7,0.011541241399882551,0.003192488262910853,0.20000000000000018,0.029919970247074712,0.01231760469964005,1.4666666666666668,0.007409875178459702,0.0030690425989039205,5.108333333333333,0.005760677850769613,0.0031732786841035332,0.23253832818284828,0.005892138342822539,-9.24615529767081e-05,-0.0007506098705197806,0.666666666666667,False,False,False
2002,2,2002Q2,10887.46,179.46666666666667,5.833333333333333,0.009640654703945817,0.007862223886184738,0.13333333333333286,0.02721577507312012,0.013172751223184065,1.4333333333333336,0.00674539322341855,0.00328170867088598,5.466666666666667,0.005127280000372203,0.0035336162756597934,0.24247947603105766,0.011541241399882551,0.005892138342822539,0.003192488262910853,0.20000000000000018,False,False,False
2002,3,2002Q3,10984.04,180.4333333333333,5.733333333333333,0.008870755897151472,0.00538632986627019,-0.09999999999999964,0.03642378482018338,0.015762807280915725,0.9000000000000004,0.008986197585950595,0.0039226080362115,5.691666666666666,0.0023482683260866543,0.003653085231614017,0.3213109720204721,0.009640654703945817,0.011541241399882551,0.007862223886184738,0.13333333333333286,False,False,False
2002,4,2002Q4,11061.433,181.5,5.866666666666667,0.007045950306080462,0.005911694069832052,0.13333333333333375,0.037612618211307014,0.022535211267605604,0.36666666666666714,0.009274650576765076,0.005588184021299458,5.783333333333333,0.00186204446682703,0.0019197238799067656,0.13158576980363274,0.008870755897151472,0.009640654703945817,0.00538632986627019,-0.09999999999999964,False,False,False
2003,1,2003Q1,11174.129,183.36666666666667,5.866666666666667,0.010188191710784666,0.010284664830119361,0.0,0.036224695136087615,0.02976413328341443,0.16666666666666696,0.008936388154490604,0.007361228163101585,5.825,0.001371260535436519,0.0022210246157265637,0.11344765475923324,0.007045950306080462,0.008870755897151472,0.005911694069832052,0.13333333333333375,False,False,False
2003,2,2003Q2,11312.766,183.0666666666667,6.133333333333333,0.012406962547147904,-0.001636066169787176,0.2666666666666657,0.039063840418242624,0.020059435364041756,0.2999999999999998,0.009627965115291126,0.004986655649108607,5.9,0.0022566085792315002,0.004931016836726169,0.1595711846260554,0.010188191710784666,0.007045950306080462,0.010284664830119361,0.0,False,False,False
2003,3,2003Q3,11566.669,184.4333333333333,6.133333333333333,0.02244393634589459,0.0074654042243260665,0.0,0.05304323363716801,0.02216885276186953,0.39999999999999947,0.013021260227476905,0.005506424238622576,6.0,0.006655694122320327,0.005094068400434907,0.1276569477008441,0.012406962547147904,0.010188191710784666,-0.001636066169787176,0.2666666666666657,False,False,True
2003,4,2003Q4,11772.234,185.13333333333333,5.833333333333333,0.01777218661656188,0.0037954093620098384,-0.2999999999999998,0.06425939568589345,0.020018365472910915,-0.0333333333333341,0.01570281930509726,0.0049773530616670225,5.991666666666666,0.005507532094031492,0.005147564525601382,0.23154073315749596,0.02244393634589459,0.012406962547147904,0.0074654042243260665,0.0,False,False,False
2004,1,2004Q1,11923.447,186.70000000000002,5.7,0.012844885686098317,0.008462369463449804,-0.13333333333333286,0.06705829152321385,0.018178512997636842,-0.16666666666666696,0.016366992798925672,0.004521779219999633,5.949999999999999,0.00472549435323594,0.004569458488996456,0.23940512696016852,0.01777218661656188,0.02244393634589459,0.0037954093620098384,-0.2999999999999998,False,False,False
2004,2,2004Q2,12112.815,188.16666666666666,5.599999999999999,0.015881984463050003,0.00785574004642009,-0.10000000000000142,0.07072090061793923,0.027858703568827137,-0.5333333333333341,0.017235748277901197,0.00689473077405145,5.816666666666666,0.004021829592331831,0.0021065367536998673,0.1247219128924639,0.012844885686098317,0.01777218661656188,0.008462369463449804,-0.13333333333333286,False,False,False
2004,3,2004Q3,12305.307,189.36666666666667,5.433333333333334,0.015891599103924348,0.006377325066430517,-0.1666666666666652,0.0638591802013182,0.02674859931321172,-0.6999999999999993,0.015597663967408637,0.006622710984577562,5.641666666666666,0.0020390825572999273,0.00207834491042222,0.08766518798921821,0.015881984463050003,0.012844885686098317,0.00785574004642009,-0.10000000000000142,False,False,False
2004,4,2004Q4,12527.214,191.4,5.433333333333334,0.018033438743137342,0.010737546206653681,0.0,0.06413226240660852,0.033849477853799215,-0.39999999999999947,0.015662976999052503,0.008358245195738523,5.541666666666666,0.0021339290728950486,0.0018118564280370543,0.07200822998230799,0.015891599103924348,0.015881984463050003,0.006377325066430517,-0.1666666666666652,False,False,False
2005,1,2005Q1,12767.286,192.36666666666667,5.3,0.01916403759048113,0.005050505050504972,-0.13333333333333375,0.07077139689554546,0.03035172290662369,-0.40000000000000036,0.017242764975148206,0.007505279092502315,5.441666666666666,0.0016323629379400345,0.0024405306430939017,0.07200822998230812,0.018033438743137342,0.015891599103924348,0.010737546206653681,0.0,False,False,True
2005,2,2005Q2,12922.656,193.66666666666666,5.1000000000000005,0.012169383532255829,0.006757927568878719,-0.1999999999999993,0.06685819935332948,0.029229406554472925,-0.4999999999999982,0.016314614742449662,0.007230825973116972,5.316666666666666,0.003078714587216864,0.0024496926895919806,0.08766518798921817,0.01916403759048113,0.018033438743137342,0.005050505050504972,-0.13333333333333375,False,False,False
2005,3,2005Q3,13142.642,196.6,4.966666666666667,0.01702328066304637,0.015146299483648873,-0.13333333333333375,0.06804665661734388,0.0381975004400632,-0.4666666666666668,0.016597535132230168,0.009423069577421561,5.2,0.003078881826106663,0.004498351988453894,0.08388704928078503,0.012169383532255829,0.01916403759048113,0.006757927568878719,-0.1999999999999993,False,False,False
2005,4,2005Q4,13324.204,198.4333333333333,4.966666666666667,0.013814726141060607,0.009325194981349538,0.0,0.0636206901231191,0.0367467781260884,-0.4666666666666668,0.015542856981710984,0.009069981771095526,5.083333333333334,0.0031449092511643493,0.004415448579247473,0.08388704928078503,0.01702328066304637,0.012169383532255829,0.015146299483648873,-0.13333333333333375,False,False,False
2006,1,2006Q1,13599.16,199.46666666666667,4.733333333333333,0.020635829352357637,0.0052074584243240185,-0.2333333333333334,0.06515668247738793,0.03690868133772307,-0.5666666666666664,0.01591080492218011,0.009109220114550287,4.941666666666666,0.00373966301572003,0.004368267901374367,0.10318986456114752,0.013814726141060607,0.01702328066304637,0.009325194981349538,0.0,False,False,True
2006,2,2006Q2,13753.424,201.26666666666665,4.633333333333333,0.011343641813170935,0.009024064171123003,-0.10000000000000053,0.0642877129902708,0.039242685025817625,-0.4666666666666677,0.015704369492408887,0.009675754265111358,4.825,0.004026806878660592,0.004100411544341021,0.09622504486493685,0.020635829352357637,0.013814726141060607,0.0052074584243240185,-0.2333333333333334,False,False,False
2006,3,2006Q3,13870.188,203.16666666666666,4.633333333333334,0.00848981315489139,0.009440211990725533,8.881784197001252e-16,0.055357667050506265,0.033401152933197675,-0.33333333333333304,0.013571002615370142,0.008249232391880523,4.741666666666667,0.005188153186413644,0.0020354263316424634,0.11055415967851293,0.011343641813170935,0.020635829352357637,0.009024064171123003,-0.10000000000000053,False,False,False
2006,4,2006Q4,14039.56,202.33333333333334,4.433333333333334,0.012211225976172635,-0.00410172272354381,-0.20000000000000018,0.05368846048889675,0.019653955988577332,-0.5333333333333332,0.01317012757414815,0.004892502965657186,4.608333333333333,0.00522486327138218,0.0062914425494853855,0.10540925533894563,0.00848981315489139,0.011343641813170935,0.009440211990725533,8.881784197001252e-16,False,False,False
2007,1,2007Q1,14215.651,204.317,4.5,0.012542487086489862,0.009803953871499127,0.06666666666666643,0.045333020568917526,0.024316510695187254,-0.2333333333333334,0.011146792007681205,0.006041626827450963,4.55,0.0018420342827412926,0.006769735556652163,0.11666666666666621,0.012211225976172635,0.00848981315489139,-0.00410172272354381,-0.20000000000000018,False,False,False
2007,2,2007Q2,14402.082,206.631,4.5,0.013114489093746018,0.011325538256728551,0.0,0.047163382732910764,0.026652865187148045,-0.13333333333333286,0.011589503827824976,0.00661699534885235,4.516666666666667,0.002099871254004973,0.007192323460070559,0.1154700538379246,0.012542487086489862,0.012211225976172635,0.009803953871499127,0.06666666666666643,False,False,False
2007,3,2007Q3,14564.117,207.939,4.666666666666667,0.011250803876828419,0.006330124715071772,0.16666666666666696,0.050030251933138814,0.023489745693191066,0.033333333333333215,0.012279751508309233,0.00583947352993891,4.525,0.0007808640081062483,0.006949391630468434,0.15485955405295918,0.013114489093746018,0.012542487086489862,0.011325538256728551,0.0,False,False,False
2007,4,2007Q4,14715.058,210.4896666666667,4.8,0.010363896417475926,0.012266417875755442,0.13333333333333286,0.04811390100544477,0.04031136738056018,0.36666666666666625,0.011817919118635056,0.009931508679763723,4.616666666666667,0.0012439043577081419,0.0026064890884886535,0.07391185942027724,0.011250803876828419,0.013114489093746018,0.006330124715071772,0.16666666666666696,False,False,False
2008,1,2008Q1,14706.538,212.76966666666667,5.0,-0.0005789987372118999,0.01083188565076032,0.20000000000000018,0.03453144706492872,0.04137035423712487,0.5,0.008537547662709616,0.010188491624579021,4.741666666666667,0.006184850312997349,0.0026401769909305353,0.08766518798921871,0.010363896417475926,0.011250803876828419,0.012266417875755442,0.13333333333333286,False,True,False
2008,2,2008Q2,14865.701,215.5376666666667,5.333333333333333,0.010822601485135364,0.013009373203260566,0.33333333333333304,0.03219110959096039,0.04310421314646251,0.833333333333333,0.007964575760556952,0.010609450361212025,4.95,0.005707217976333986,0.0029926173848204476,0.08766518798921859,-0.0005789987372118999,0.010363896417475926,0.01083188565076032,0.20000000000000018,False,False,False
2008,3,2008Q3,14898.999,218.861,6.0,0.0022399212791917034,0.015418805375084998,0.666666666666667,0.02299363565947732,0.052525019356638225,1.333333333333333,0.005711855111147773,0.012881620526215332,5.283333333333333,0.0057558776767727745,0.0019177691088532645,0.2372684056006958,0.010822601485135364,-0.0005789987372118999,0.013009373203260566,0.33333333333333304,False,False,False
2008,4,2008Q4,14608.209,213.84866666666667,6.866666666666667,-0.019517418586308954,-0.022901902729738577,0.8666666666666671,-0.007261201416943086,0.0159580280267122,2.0666666666666673,-0.0017584736397984468,0.004089540374841827,5.800000000000001,0.012793773223544556,0.01809155312864886,0.3048982829780499,0.0022399212791917034,0.010822601485135364,0.015418805375084998,0.666666666666667,False,True,False
2009,1,2009Q1,14430.902,212.37766666666667,8.266666666666667,-0.012137490639680837,-0.006878696149613561,1.4000000000000004,-0.01874241238828611,-0.0018423678813865862,3.2666666666666675,-0.004648096615415681,-0.00033810507525164346,6.616666666666667,0.013711005907173175,0.018058605515837746,0.4467993169529579,-0.019517418586308954,0.0022399212791917034,-0.022901902729738577,0.8666666666666671,False,True,False
2009,2,2009Q2,14381.236,213.50699999999998,9.299999999999999,-0.003441642109412113,0.005317571056592474,1.0333333333333314,-0.032589448691319634,-0.009421400435809635,3.966666666666666,-0.00821415751405255,-0.0022610556119186664,7.6083333333333325,0.009578116035789234,0.01650636483882324,0.31076369490993294,-0.012137490639680837,-0.019517418586308954,-0.006878696149613561,1.4000000000000004,False,True,False
2009,3,2009Q3,14448.882,215.34399999999997,9.633333333333333,0.004703768160121857,0.008603933360498583,0.3333333333333339,-0.030211224257414848,-0.016069560131773297,3.633333333333333,-0.007598195793820012,-0.00396477361556527,8.516666666666666,0.010508541372459776,0.014273987077713504,0.4433667489495278,-0.003441642109412113,-0.012137490639680837,0.005317571056592474,1.0333333333333314,False,False,False
2009,4,2009Q4,14651.249,217.03,9.933333333333334,0.01400572030417302,0.007829333531466087,0.3000000000000007,0.002946288624430249,0.014876563800569231,3.0666666666666664,0.0007825889288004817,0.003718035449735896,9.283333333333333,0.011180331447898352,0.007202407122101312,0.5409182864283586,0.004703768160121857,-0.003441642109412113,0.008603933360498583,0.3333333333333339,False,False,False
2010,1,2010Q1,14764.61,217.37400000000002,9.833333333333334,0.007737292568026133,0.0015850343270515932,-0.09999999999999964,0.023124542041793372,0.02352570028549783,1.5666666666666664,0.005751284730727224,0.0058339680689021844,9.675,0.0072499914625197325,0.003160922590152051,0.4709132183951286,0.01400572030417302,0.004703768160121857,0.007829333531466087,0.3000000000000007,False,False,False
2010,2,2010Q2,14980.193,217.29733333333334,9.633333333333333,0.014601333865235766,-0.0003526947411681691,-0.20000000000000107,0.0416485064287937,0.01775273566362401,0.3333333333333339,0.010262028724389194,0.004416401619462024,9.758333333333333,0.004834368242402794,0.004470065143435545,0.2728450923957487,0.007737292568026133,0.01400572030417302,0.0015850343270515932,-0.09999999999999964,False,False,False
2010,3,2010Q3,15141.607,217.93433333333334,9.466666666666667,0.01077516157502112,0.0029314671755444888,-0.16666666666666607,0.04794315574035424,0.012028815910047896,-0.16666666666666607,0.01177987707811401,0.0029982850732235,9.716666666666667,0.0031763154352145036,0.0034914102797844885,0.2315407331574969,0.014601333865235766,0.007737292568026133,-0.0003526947411681691,-0.20000000000000107,False,False,False
2010,4,2010Q4,15309.474,219.69899999999998,9.5,0.01108647186523859,0.008097240300212638,0.033333333333333215,0.04492620390247959,0.012297839008431843,-0.43333333333333357,0.011050064968380402,0.0030652617654101377,9.608333333333333,0.002808491237428646,0.0036153473285020677,0.1031898645611479,0.01077516157502112,0.014601333865235766,0.0029314671755444888,-0.16666666666666607,False,False,False
2011,1,2011Q1,15351.448,222.04366666666667,9.033333333333333,0.00274170098855131,0.010672177236431102,-0.4666666666666668,0.039746258113150246,0.02148217664792762,-0.8000000000000007,0.009801167073511696,0.005337047492755015,9.408333333333333,0.005015919202222827,0.004974677780762561,0.20548046676563225,0.01108647186523859,0.01077516157502112,0.008097240300212638,0.033333333333333215,False,False,False
2011,2,2011Q2,15557.539,224.56833333333336,9.066666666666666,0.013424857381531652,0.011370135904199108,0.033333333333333215,0.03854062494388444,0.033461064102642935,-0.5666666666666664,0.009507047952585668,0.008267755154096834,9.266666666666666,0.0046626831445915,0.003825835707139005,0.23629078131263012,0.00274170098855131,0.01108647186523859,0.010672177236431102,-0.4666666666666668,False,False,False
2011,3,2011Q3,15647.68,226.03266666666664,9.0,0.005794039789969396,0.006520658151564662,-0.06666666666666643,0.033422674356823556,0.037159511351278374,-0.4666666666666668,0.008261767506322737,0.009165052898101878,9.149999999999999,0.004871593381274841,0.002255871018379072,0.2380476142847614,0.013424857381531652,0.00274170098855131,0.011370135904199108,0.033333333333333215,False,False,False
2011,4,2011Q4,15842.259,227.04733333333334,8.633333333333333,0.012435006339597932,0.004489026659863393,-0.36666666666666714,0.03480099969469874,0.03344727710792195,-0.8666666666666671,0.008598901124912572,0.008262999488014566,8.933333333333334,0.005169771031505699,0.0033033850503471477,0.2380476142847615,0.005794039789969396,0.013424857381531652,0.006520658151564662,-0.06666666666666643,False,False,False
2012,1,2012Q1,16068.805,228.32600000000002,8.266666666666667,0.014300107074376234,0.005631718496290183,-0.36666666666666536,0.046728947002263155,0.028293233613208235,-0.7666666666666657,0.011488502646368803,0.007002884802979337,8.741666666666667,0.003872009193523319,0.0030279258318057717,0.20615528128088245,0.012435006339597932,0.005794039789969396,0.004489026659863393,-0.36666666666666714,False,False,False
2012,2,2012Q2,16207.115,228.808,8.2,0.008607360659364405,0.0021110167041860084,-0.0666666666666682,0.041753133320122204,0.0188791830252113,-0.8666666666666671,0.010284128465826992,0.004688105002976062,8.525,0.003817800693508255,0.0019087232865298356,0.17320508075688668,0.014300107074376234,0.012435006339597932,0.005631718496290183,-0.36666666666666536,False,False,False
2012,3,2012Q3,16319.541,229.841,8.033333333333333,0.0069368299046437265,0.004514702283137106,-0.16666666666666607,0.0429367804045071,0.016848597105433294,-0.9666666666666668,0.010569825994495574,0.004186616035869173,8.283333333333333,0.003388403037574974,0.0014827369375527122,0.14999999999999877,0.008607360659364405,0.014300107074376234,0.0021110167041860084,-0.0666666666666682,False,False,False
2012,4,2012Q4,16420.419,231.36933333333332,7.8,0.006181423852545942,0.006649524381347582,-0.2333333333333334,0.0364947953445276,0.01903567831670916,-0.833333333333333,0.009006430372732577,0.00472674046624022,8.075,0.003671792368597071,0.001949619980879831,0.12583057392117752,0.0069368299046437265,0.008607360659364405,0.004514702283137106,-0.16666666666666607,False,False,False
2013,1,2013Q1,16648.189,232.29933333333335,7.733333333333333,0.013871144213798425,0.004019547390319733,-0.06666666666666643,0.03605644601449809,0.01740201875096714,-0.5333333333333341,0.008899189657588125,0.004323697689747608,7.941666666666666,0.0034661507489940993,0.0018649769527229096,0.08164965809277128,0.006181423852545942,0.0069368299046437265,0.006649524381347582,-0.2333333333333334,False,False,False
2013,2,2013Q2,16728.687,232.045,7.533333333333334,0.004835240637885763,-0.0010948517573591277,-0.1999999999999993,0.032181668359853255,0.01414723261424422,-0.6666666666666652,0.007956159652218464,0.0035222305743613236,7.7749999999999995,0.004037982093021322,0.0032827701676711642,0.07200822998230853,0.013871144213798425,0.006181423852545942,0.004019547390319733,-0.06666666666666643,False,False,False
2013,3,2013Q3,16953.838,233.29999999999998,7.233333333333333,0.013458976188627236,0.00540843370897881,-0.3000000000000007,0.03886733088877925,0.015049534243237517,-0.7999999999999998,0.009586696223214342,0.0037456634308217496,7.575,0.00474423358096773,0.0034011181067501685,0.09813067629253122,0.004835240637885763,0.013871144213798425,-0.0010948517573591277,-0.1999999999999993,False,False,False
2013,4,2013Q4,17192.019,234.1626666666667,6.933333333333334,0.014048795322923358,0.003697671095870936,-0.2999999999999998,0.046990274730504655,0.012073049150852722,-0.8666666666666663,0.011553539090808695,0.003007700109452588,7.358333333333333,0.004485674301087294,0.0028339812112804586,0.11055415967851293,0.013458976188627236,0.004835240637885763,0.00540843370897881,-0.3000000000000007,False,False,False
2014,1,2014Q1,17197.738,235.621,6.666666666666667,0.0003326543554891259,0.006227864390565996,-0.2666666666666666,0.033009536352572866,0.014299079635757383,-1.0666666666666664,0.00816891662623137,0.0035597793595141536,7.091666666666668,0.006710144201943763,0.0032772348914818523,0.047140452079102044,0.014048795322923358,0.013458976188627236,0.003697671095870936,-0.2999999999999998,False,False,False
2014,2,2014Q2,17518.508,236.87233333333333,6.2,0.018651871542641363,0.005310788653529741,-0.4666666666666668,0.04721356792675957,0.020803436115121476,-1.333333333333334,0.01162307435242027,0.005161189462236371,6.758333333333334,0.007876806278081851,0.00105880294782977,0.09026709338484319,0.0003326543554891259,0.014048795322923358,0.006227864390565996,-0.2666666666666666,False,False,False
2014,3,2014Q3,17804.228,237.47833333333332,6.066666666666666,0.016309608101328976,0.002558340146661342,-0.13333333333333375,0.05015914390594034,0.017909701385912413,-1.166666666666667,0.012335732330595706,0.004448666071657004,6.466666666666667,0.008219768222185115,0.00163769426944819,0.1370995853250334,0.018651871542641363,0.0003326543554891259,0.005310788653529741,-0.4666666666666668,False,False,False
2014,4,2014Q4,17912.079,236.88833333333332,5.7,0.00605760609221595,-0.002484437176724863,-0.36666666666666625,0.04188338786735879,0.011640056484950367,-1.2333333333333334,0.010337935022918854,0.002903139003508054,6.158333333333333,0.008625722709787646,0.003915585911290639,0.14240006242195816,0.016309608101328976,0.018651871542641363,0.002558340146661342,-0.13333333333333375,False,False,False
2015,1,2015Q1,18063.529,235.35500000000002,5.533333333333334,0.008455188255924728,-0.006472810677323193,-0.16666666666666607,0.050343306776739816,-0.0011289316317305564,-1.1333333333333329,0.012368568498027754,-0.00027202976346424323,5.875,0.006059551185582735,0.005244784260234152,0.15986105077709017,0.00605760609221595,0.016309608101328976,-0.002484437176724863,-0.36666666666666625,False,False,False
2015,2,2015Q2,18279.784,236.96,5.433333333333334,0.011971913129488865,0.006819485458137597,-0.10000000000000053,0.0434555271487731,0.0003701009123058263,-0.7666666666666666,0.01069857889473963,0.00010514443768772086,5.683333333333334,0.004460061992942466,0.0058044801937303745,0.11979921473804249,0.008455188255924728,0.00605760609221595,-0.006472810677323193,-0.16666666666666607,False,False,False
2015,3,2015Q3,18401.626,237.855,5.1000000000000005,0.0066653960462552675,0.0037770087778528083,-0.33333333333333304,0.03355371544332053,0.0015861096099996086,-0.9666666666666659,0.008287525880971203,0.00040981159548558743,5.441666666666667,0.0026587382680494814,0.006004695418201534,0.12874033584729325,0.011971913129488865,0.008455188255924728,0.006819485458137597,-0.10000000000000053,False,False,False
2015,4,2015Q4,18435.137,237.837,5.033333333333333,0.0018210890711505279,-7.567635744465395e-05,-0.06666666666666732,0.02920141207505833,0.0040046998234049,-0.666666666666667,0.007228396625704847,0.0010120018003056397,5.275,0.004225395885501915,0.005732294235934548,0.11863420280034687,0.0066653960462552675,0.011971913129488865,0.0037770087778528083,-0.33333333333333304,False,False,False
2016,1,2016Q1,18525.933,237.68933333333334,4.8999999999999995,0.0049251600354258684,-0.000620873399288846,-0.13333333333333375,0.025598763120982637,0.009918350293528055,-0.6333333333333346,0.006345889570580132,0.0024749861198142264,5.116666666666667,0.004252313779778891,0.003495719417499817,0.11979921473804243,0.0018210890711505279,0.0066653960462552675,-7.567635744465395e-05,-0.06666666666666732,False,False,False
2016,2,2016Q2,18711.702,239.59033333333332,4.933333333333334,0.01002751116502476,0.007997834708611151,0.0333333333333341,0.02362817853865229,0.011100326356065615,-0.5,0.005859789079464106,0.002769573432432615,4.991666666666667,0.0034255675527092968,0.003997508308630801,0.15485955405295906,0.0049251600354258684,0.0018210890711505279,-0.000620873399288846,-0.13333333333333375,False,False,False
2016,3,2016Q3,18892.639,240.60733333333334,4.8999999999999995,0.009669724325451323,0.004244745544826012,-0.0333333333333341,0.026683131153736106,0.011571475618899596,-0.20000000000000107,0.00661087114926312,0.0028865076241759158,4.941666666666666,0.003950259319163035,0.004043378554208659,0.06938886664887046,0.01002751116502476,0.0049251600354258684,0.007997834708611151,0.0333333333333341,False,False,False
2016,4,2016Q4,19089.379,242.13466666666667,4.766666666666667,0.010413579595735856,0.006347825364148019,-0.13333333333333286,0.03548886021297282,0.018069798503457024,-0.2666666666666666,0.008758993780409452,0.004492383054574084,4.875,0.0025738752809202933,0.0037388756492718325,0.08164965809277187,0.009669724325451323,0.01002751116502476,0.004244745544826012,-0.0333333333333341,False,False,False
2017,1,2017Q1,19280.084,243.83866666666665,4.566666666666666,0.009990110207356517,0.007037406181684025,-0.20000000000000018,0.040707855307476226,0.02587130540144833,-0.33333333333333304,0.010025231323392114,0.006406952949817302,4.791666666666666,0.0003046518760194667,0.0015923790358685183,0.10363754503431959,0.010413579595735856,0.009669724325451323,0.006347825364148019,-0.13333333333333286,False,False,False
2017,2,2017Q2,19438.643,244.12,4.366666666666667,0.008223978692209144,0.001153768338628236,-0.1999999999999993,0.03884953918141698,0.018905882402044716,-0.5666666666666664,0.00957434820518821,0.004695936357321573,4.65,0.000950396723343668,0.0026433404151570837,0.07876359377087537,0.009990110207356517,0.010413579595735856,0.007037406181684025,-0.20000000000000018,False,False,False
2017,3,2017Q3,19692.595,245.287,4.333333333333333,0.013064286431928362,0.004780435851220677,-0.0333333333333341,0.04234220534251465,0.019449393340740473,-0.5666666666666664,0.01042298873180747,0.004829858933920239,4.508333333333334,0.0019999642533214137,0.0026263772031898474,0.07876359377087537,0.008223978692209144,0.009990110207356517,0.001153768338628236,-0.1999999999999993,False,False,False
2017,4,2017Q4,20037.088,247.23833333333334,4.166666666666667,0.0174935299283816,0.007955306776687543,-0.16666666666666607,0.049645878998997306,0.021077802435008675,-0.5999999999999996,0.012192976314968906,0.00523172928705512,4.358333333333333,0.004060402736433835,0.003028298457987658,0.07934920476158573,0.013064286431928362,0.008223978692209144,0.004780435851220677,-0.0333333333333341,False,False,False
2018,1,2018Q1,20328.553,249.3216666666667,4.033333333333333,0.014546275386922547,0.008426417154837162,-0.13333333333333375,0.05438093526978416,0.02248617938637043,-0.5333333333333332,0.013332017609860414,0.0055789820303434046,4.225,0.003871104420112179,0.0033652636501876744,0.07200822998230783,0.0174935299283816,0.013064286431928362,0.007955306776687543,-0.16666666666666607,False,False,False
2018,2,2018Q2,20580.912,250.679,3.9333333333333336,0.01241401687567234,0.005444105004913213,-0.09999999999999964,0.058762795324756034,0.02686793380304775,-0.43333333333333357,0.014379527155726213,0.006651566196914649,4.116666666666667,0.0022596391351457096,0.0018082152087027323,0.0569275042553293,0.014546275386922547,0.0174935299283816,0.008426417154837162,-0.13333333333333375,False,False,False
2018,3,2018Q3,20798.73,251.68633333333332,3.766666666666667,0.010583496008340187,0.004018419306496934,-0.16666666666666652,0.05617009845579002,0.02608916629635205,-0.566666666666666,0.013759329549829169,0.006461062060733713,3.9750000000000005,0.002969810380714175,0.002089345447365678,0.03191423692520881,0.01241401687567234,0.014546275386922547,0.005444105004913213,-0.09999999999999964,False,False,False
2018,4,2018Q4,20917.867,252.711,3.8333333333333335,0.005728090128579888,0.004071205031659808,0.06666666666666643,0.043957435331920314,0.022135186695698472,-0.3333333333333335,0.01081796959987874,0.0054900366244767795,3.8916666666666666,0.0037598529158178,0.002065847764003049,0.10363754503431932,0.010583496008340187,0.01241401687567234,0.004018419306496934,-0.16666666666666652,False,False,False
2019,1,2019Q1,21104.133,253.38566666666665,3.8666666666666667,0.00890463640484973,0.0026697162635052063,0.033333333333333215,0.038152248219536444,0.016300227951842494,-0.16666666666666652,0.009407559854360537,0.0040508614016437905,3.85,0.0028409528400541676,0.0011328659796396863,0.11013459778666025,0.005728090128579888,0.010583496008340187,0.004071205031659808,0.06666666666666643,False,False,False
2019,2,2019Q2,21384.775,255.24733333333333,3.6333333333333333,0.013297963958055048,0.007347166440616837,-0.2333333333333334,0.03905866756536347,0.018223837390979325,-0.30000000000000027,0.009628546624956213,0.004526626760569696,3.7750000000000004,0.003168288643004314,0.001989073858890724,0.14751020052612998,0.00890463640484973,0.005728090128579888,0.0026697162635052063,0.033333333333333215,False,False,False
2019,3,2019Q3,21694.282,256.08933333333334,3.6,0.014473240892176609,0.0032987612015535905,-0.033333333333333215,0.043058013638332726,0.01749399715783806,-0.16666666666666696,0.010600982845915319,0.0043467122343338604,3.7333333333333334,0.004036944561540331,0.002080796843840316,0.13437096247164187,0.013297963958055048,0.00890463640484973,0.007347166440616837,-0.2333333333333334,False,False,False
2019,4,2019Q4,21902.39,257.888,3.6,0.009592758128616596,0.007023590726152662,0.0,0.04706612772707652,0.020485851427124224,-0.2333333333333334,0.011567149845924496,0.005084808657957074,3.6750000000000003,0.002734244754780538,0.0024426608056913927,0.11979921473804284,0.014473240892176609,0.013297963958055048,0.0032987612015535905,-0.033333333333333215,False,False,False
2020,1,2020Q1,21706.513,258.7673333333333,3.8333333333333335,-0.008943179260345602,0.0034097489349380616,0.2333333333333334,0.02854322421110589,0.02123903351544465,-0.033333333333333215,0.007105195929625663,0.005269816825815288,3.666666666666667,0.010899186121847865,0.0022163045179026454,0.1912434942006497,0.009592758128616596,0.014473240892176609,0.007023590726152662,0.0,True,True,False
2020,2,2020Q2,19913.143,256.326,13.0,-0.08261898168535864,-0.009434472666565052,9.166666666666666,-0.06881681009035645,0.004225966448229368,9.366666666666667,-0.01687404048122776,0.0010744070490198154,6.008333333333334,0.04497569466499642,0.007216437542650197,4.5515463387813675,-0.008943179260345602,0.009592758128616596,0.0034097489349380616,0.2333333333333334,True,True,False
2020,3,2020Q3,21647.64,259.2416666666667,8.799999999999999,0.08710312580992352,0.011374837771691793,-4.200000000000001,-0.0021499674430340843,0.012309506578433549,5.199999999999999,0.001283430748208969,0.003093426191554366,7.308333333333334,0.06970954823752629,0.008964304786315935,5.626195346241905,-0.08261898168535864,-0.008943179260345602,-0.009434472666565052,9.166666666666666,True,False,True
2020,4,2020Q4,22024.502,261.04966666666667,6.733333333333333,0.017408918477949564,0.006974187534154019,-2.0666666666666655,0.005575281966945234,0.012259844066675019,3.1333333333333333,0.003237470835542211,0.0030810753935547053,8.091666666666667,0.07012839816792152,0.008957116092177904,5.8747734392879325,0.08710312580992352,-0.08261898168535864,0.011374837771691793,-4.200000000000001,True,False,False
2021,1,2021Q1,22600.185,263.6703333333333,6.233333333333333,0.026138298155390816,0.010038958103757878,-0.5,0.04117068457748152,0.018947523000069744,2.4,0.012007840189476315,0.004738377685759659,8.691666666666666,0.07029077423947133,0.009626478899843643,5.909001294321765,0.017408918477949564,0.08710312580992352,0.006974187534154019,-2.0666666666666655,True,False,True
2021,2,2021Q2,23292.362,268.62266666666665,5.933333333333334,0.030627050176801562,0.018782292534490708,-0.2999999999999998,0.16969792262326444,0.047972763850200995,-7.066666666666666,0.040319348155016366,0.0117925689860236,6.925,0.03166834623006595,0.005010744641718918,1.804315813696582,0.026138298155390816,0.017408918477949564,0.010038958103757878,-0.5,False,False,True
2021,3,2021Q3,23828.973,272.89000000000004,5.066666666666666,0.02303806715695056,0.015885976363374965,-0.8666666666666671,0.10076539521167205,0.052647143913337136,-3.7333333333333325,0.024303083491773125,0.012920353633944393,5.991666666666666,0.005552487282293743,0.005379485022897287,0.7911548052852405,0.030627050176801562,0.026138298155390816,0.018782292534490708,-0.2999999999999998,False,False,True
2021,4,2021Q4,24654.603,278.6803333333333,4.166666666666667,0.03464815709850355,0.021218561813673098,-0.8999999999999995,0.11941704743199177,0.06753759501704004,-2.5666666666666664,0.028612893146911622,0.016481447203824162,5.3500000000000005,0.005088665335718948,0.004816443895267983,0.2910708199428857,0.02303806715695056,0.030627050176801562,0.015885976363374965,-0.8666666666666671,False,False,True
2022,1,2022Q1,25029.116,284.826,3.8000000000000003,0.015190388585855752,0.022052746216991936,-0.3666666666666667,0.10747394324426995,0.08023529382018735,-2.433333333333333,0.025875915754527856,0.019484894232132677,4.741666666666667,0.008597661930832695,0.002771601586990394,0.31899727155457114,0.03464815709850355,0.02303806715695056,0.021218561813673098,-0.8999999999999995,False,False,False
2022,2,2022Q2,25544.273,291.7063333333333,3.6333333333333333,0.020582309019623324,0.02415626850544994,-0.16666666666666696,0.09668023363195188,0.08593342830339457,-2.3000000000000003,0.023364730465233297,0.020828388224872485,4.166666666666667,0.008205367344352602,0.0035191623100198255,0.3655285366576904,0.015190388585855752,0.03464815709850355,0.022052746216991936,-0.3666666666666667,False,False,True
2022,3,2022Q3,25994.639,295.509,3.533333333333333,0.01763080123673899,0.01303594139768438,-0.10000000000000009,0.09088373216923773,0.08288687749642709,-1.5333333333333332,0.022012913985180405,0.02011587948344984,3.783333333333333,0.008707195569656493,0.004879126554765722,0.3626037527129066,0.020582309019623324,0.015190388585855752,0.02415626850544994,-0.16666666666666696,False,False,False
2022,4,2022Q4,26408.405,298.44100000000003,3.5666666666666664,0.015917358960053196,0.00992186363190295,0.033333333333333215,0.07113487083933179,0.07090800570785438,-0.6000000000000005,0.017330214450567816,0.017291704938007302,3.633333333333333,0.002397323985229272,0.006885149023319695,0.16666666666667115,0.01763080123673899,0.020582309019623324,0.01303594139768438,-0.10000000000000009,False,False,False
2023,1,2023Q1,26813.601,301.20300000000003,3.5,0.0153434484210615,0.009254760572441345,-0.06666666666666643,0.07129636540099926,0.057498262096859154,-0.30000000000000027,0.017368479409369253,0.014092208526869654,3.5583333333333336,0.002352588260256345,0.006908779022746747,0.08333333333334245,0.015917358960053196,0.01763080123673899,0.00992186363190295,0.033333333333333215,False,False,False
2023,2,2023Q2,27063.012,303.46666666666664,3.5666666666666664,0.009301660004562562,0.007515418726462331,0.06666666666666643,0.05945516633023762,0.04031565992739283,-0.06666666666666687,0.014548317155604062,0.009931996082122752,3.541666666666667,0.0036302262814072637,0.0023045659924021,0.0793492047615966,0.0153434484210615,0.015917358960053196,0.009254760572441345,-0.06666666666666643,False,False,False
2023,3,2023Q3,27610.128,306.03433333333334,3.6999999999999997,0.020216375028766276,0.00846111599297017,0.1333333333333333,0.06214700654238747,0.03561764052307481,0.16666666666666652,0.015194710603610884,0.008788289730944199,3.583333333333333,0.004490341581187387,0.0010375978803262719,0.08333333333334225,0.009301660004562562,0.0153434484210615,0.007515418726462331,0.06666666666666643,False,False,True
2023,4,2023Q4,27956.998,308.099,3.733333333333333,0.012563143495749163,0.006746519726000155,0.033333333333333215,0.058640156419897504,0.03236150528915238,0.16666666666666652,0.014356156737534875,0.0079944537544685,3.6249999999999996,0.00462167851896863,0.0010943736134944307,0.08333333333334225,0.020216375028766276,0.009301660004562562,0.00846111599297017,0.1333333333333333,False,False,False
2024,1,2024Q1,28269.174,309.685,3.7,0.011166291888706992,0.005147696032768767,-0.03333333333333277,0.054284875798666476,0.02816041008887682,0.20000000000000018,0.013311867604446248,0.006967687619550356,3.675,0.004792983437956194,0.0014013829223434744,0.0693888666488817,0.012563143495749163,0.020216375028766276,0.006746519726000155,0.033333333333333215,False,False,False
